{
  "format_version": [1, 0, 0],
  "directional_lights": {
    "illuminance": {
      "0.0": 0.0,
      "0.167": 2.0,
      "0.2": 8.0,
      "0.21041673": 32.0,
      "0.25": 512.0,
      "0.257083322": 1024.0,
      "0.5": 2.0,
      "0.742916678": 2.0,
      "0.75": 0.0,
      "0.78958327": 0.0,
      "0.8": 0.0,
      "0.833": 0.0,
      "1.0": 0.0
    },
    "color": {
      "0.0": "#040609",
      "0.1": "#b55d6a",
      "0.2": "#fdd82d",

      "0.4": "#ffd88c",

      "0.6": "#ffd88c",

      "0.7": [255, 211, 143, 180],
      "0.8": [240, 185, 130, 150],
      "0.9": [181, 115, 106, 120],
      "1.0": "#040609"
    },
    "moon": {
      "illuminance": {
        "0.0": 2.4569,
        "0.167": 2.387,
        "0.2": 2.236,
        "0.21041673": 1.887,
        "0.25": 1.65,
        "0.257083322": 1.6389,
        "0.742916678": 1.6389,
        "0.75": 1.65,
        "0.78958327": 1.887,
        "0.8": 2.236,
        "0.833": 2.387,
        "1.0": 2.4569
      },

      "color": {
        "0.0": "#996bec",
        "0.1": [238, 238, 238, 232],
        "0.2": [221, 221, 221, 120],
        "0.3": [204, 204, 204, 100],
        "0.4": [187, 187, 187, 90],
        "0.5": [193, 195, 193, 84],
        "0.6": [187, 187, 187, 90],
        "0.7": [204, 204, 204, 100],
        "0.8": [221, 221, 221, 120],
        "0.9": [238, 238, 238, 232],
        "1.0": [255, 255, 255, 255]
      }
    },
    "orbital_offset_degrees": 35.0
  },
  "point_lights": {
    "colors": {
      "minecraft:torch": "#FFB200"
    }
  },
  "pbr": {
    "blocks": {
      "global_metalness_emissive_roughness": [0.0, 0.0, 255.0]
    },
    "actors": {
      "global_metalness_emissive_roughness": [0.0, 0.0, 255.0]
    },
    "particles": {
      "global_metalness_emissive_roughness": [0.0, 122.5, 255.0]
    },
    "items": {
      "global_metalness_emissive_roughness": [0.0, 0.0, 255.0]
    }
  }
}
